{"mean": [0.55, 0.6923013483607876, 3801.176470588235, 0.9840201657014002, 0.6470588235294118, 0.4735509067309125], "scale": [0.2872281323269014, 1.085366120381015, 3589.082927848809, 1.562327765924547, 0.4778846120374094, 0.2810584438019141]}