{
  "mean": [
    0.09252023606797351,
    0.1725847824084471,
    99.78787878787878,
    2.1235818669011652,
    0.048484848484848485,
    0.09049520765342263
  ],
  "scale": [
    0.10505291485000483,
    0.598440503406679,
    81.48312990513327,
    4.812568693723146,
    0.21478842602023457,
    0.10260091464965977
  ],
  "var": [
    0.011036114918482364,
    0.3581310361176394,
    6639.500459136822,
    23.160817431804112,
    0.04613406795224978,
    0.010526947686946769
  ],
  "n_samples_seen": 165
}